alpha,beta,utility_func_name,vcg_price_per_credit,shapley_samples,exact_shapley_threshold,core_check_threshold,n_farmers_analyzed,random_seed,shapley_calculation_method,shapley_values_gini,core_check_performed,is_shapley_in_core,blocking_coalitions_count,vcg_num_winners,vcg_total_surplus,vcg_total_payments,vcg_payments_gini,vcg_individual_rationality_met,vcg_budget_balance,vcg_efficiency_metric,avg_shapley_utility,computation_time_sec
0.5,0.2,linear,1000.0,1000,10,15,7,24004,exact,0.14256854256854257,True,True,0,0,0.0,0.0,0.0,True,0.0,0.0,630074892.8571428,9.461787462234497
0.5,0.2,linear,1300.0,1000,10,15,7,24004,exact,0.14256854256854257,True,True,0,0,0.0,0.0,0.0,True,0.0,0.0,630074892.8571428,9.410630702972412
0.5,0.2,linear,1600.0,1000,10,15,7,24004,exact,0.14256854256854257,True,True,0,1,0.0,5022.0,0.0,True,558.0,0.0,630074892.8571428,9.590051651000977
0.5,0.2,linear,1900.0,1000,10,15,7,24004,exact,0.14256854256854257,True,True,0,2,967.0,8180.0,0.1821515892420538,True,409.0,967.0,630074892.8571428,9.430119514465332
0.5,0.2,linear,2200.0,1000,10,15,7,24004,exact,0.14256854256854257,True,True,0,3,2588.0,17574.0,0.1639163916391639,True,4242.0,2588.0,630074892.8571428,9.472845077514648
0.5,0.2,linear,2500.0,1000,10,15,7,24004,exact,0.14256854256854257,True,True,0,3,4406.0,17574.0,0.1639163916391639,True,2424.000000000002,4406.0,630074892.8571428,9.468058109283447
0.5,0.2,logarithmic,1000.0,1000,10,15,7,24004,exact,0.14256854256854257,True,True,0,0,0.0,0.0,0.0,True,0.0,0.0,20.227183456254405,9.443694829940796
0.5,0.2,logarithmic,1300.0,1000,10,15,7,24004,exact,0.14256854256854257,True,True,0,0,0.0,0.0,0.0,True,0.0,0.0,20.227183456254405,9.479577541351318
0.5,0.2,logarithmic,1600.0,1000,10,15,7,24004,exact,0.14256854256854257,True,True,0,1,0.0,5022.0,0.0,True,558.0,0.0,20.227183456254405,9.472137928009033
0.5,0.2,logarithmic,1900.0,1000,10,15,7,24004,exact,0.14256854256854257,True,True,0,2,967.0,8180.0,0.1821515892420538,True,409.0,967.0,20.227183456254405,9.415034055709839
0.5,0.2,logarithmic,2200.0,1000,10,15,7,24004,exact,0.14256854256854257,True,True,0,3,2588.0,17574.0,0.1639163916391639,True,4242.0,2588.0,20.227183456254405,9.35220742225647
0.5,0.2,logarithmic,2500.0,1000,10,15,7,24004,exact,0.14256854256854257,True,True,0,3,4406.0,17574.0,0.1639163916391639,True,2424.000000000002,4406.0,20.227183456254405,9.44823694229126
0.5,0.4,linear,1000.0,1000,10,15,7,24004,exact,0.14256854256854257,True,True,0,0,0.0,0.0,0.0,True,0.0,0.0,1260139178.5714285,9.417023658752441
0.5,0.4,linear,1300.0,1000,10,15,7,24004,exact,0.14256854256854257,True,True,0,0,0.0,0.0,0.0,True,0.0,0.0,1260139178.5714285,9.303808689117432
0.5,0.4,linear,1600.0,1000,10,15,7,24004,exact,0.14256854256854257,True,True,0,1,0.0,5022.0,0.0,True,558.0,0.0,1260139178.5714285,9.474861145019531
0.5,0.4,linear,1900.0,1000,10,15,7,24004,exact,0.14256854256854257,True,True,0,2,967.0,8180.0,0.1821515892420538,True,409.0,967.0,1260139178.5714285,9.466927528381348
0.5,0.4,linear,2200.0,1000,10,15,7,24004,exact,0.14256854256854257,True,True,0,3,2588.0,17574.0,0.1639163916391639,True,4242.0,2588.0,1260139178.5714285,9.34313154220581
0.5,0.4,linear,2500.0,1000,10,15,7,24004,exact,0.14256854256854257,True,True,0,3,4406.0,17574.0,0.1639163916391639,True,2424.000000000002,4406.0,1260139178.5714285,9.042360782623291
0.5,0.4,logarithmic,1000.0,1000,10,15,7,24004,exact,0.14256854256854257,True,True,0,0,0.0,0.0,0.0,True,0.0,0.0,20.92032221941221,8.919378280639648
0.5,0.4,logarithmic,1300.0,1000,10,15,7,24004,exact,0.14256854256854257,True,True,0,0,0.0,0.0,0.0,True,0.0,0.0,20.92032221941221,8.787727117538452
0.5,0.4,logarithmic,1600.0,1000,10,15,7,24004,exact,0.14256854256854257,True,True,0,1,0.0,5022.0,0.0,True,558.0,0.0,20.92032221941221,8.870177030563354
0.5,0.4,logarithmic,1900.0,1000,10,15,7,24004,exact,0.14256854256854257,True,True,0,2,967.0,8180.0,0.1821515892420538,True,409.0,967.0,20.92032221941221,8.888471841812134
0.5,0.4,logarithmic,2200.0,1000,10,15,7,24004,exact,0.14256854256854257,True,True,0,3,2588.0,17574.0,0.1639163916391639,True,4242.0,2588.0,20.92032221941221,8.654409170150757
0.5,0.4,logarithmic,2500.0,1000,10,15,7,24004,exact,0.14256854256854257,True,True,0,3,4406.0,17574.0,0.1639163916391639,True,2424.000000000002,4406.0,20.92032221941221,8.820443630218506
0.5,0.6000000000000001,linear,1000.0,1000,10,15,7,24004,exact,0.14256854256854262,True,True,0,0,0.0,0.0,0.0,True,0.0,0.0,1890203464.2857144,8.760091304779053
0.5,0.6000000000000001,linear,1300.0,1000,10,15,7,24004,exact,0.14256854256854262,True,True,0,0,0.0,0.0,0.0,True,0.0,0.0,1890203464.2857144,8.814034223556519
0.5,0.6000000000000001,linear,1600.0,1000,10,15,7,24004,exact,0.14256854256854262,True,True,0,1,0.0,5022.0,0.0,True,558.0,0.0,1890203464.2857144,8.75536823272705
0.5,0.6000000000000001,linear,1900.0,1000,10,15,7,24004,exact,0.14256854256854262,True,True,0,2,967.0,8180.0,0.1821515892420538,True,409.0,967.0,1890203464.2857144,8.61039686203003
0.5,0.6000000000000001,linear,2200.0,1000,10,15,7,24004,exact,0.14256854256854262,True,True,0,3,2588.0,17574.0,0.1639163916391639,True,4242.0,2588.0,1890203464.2857144,8.826708555221558
0.5,0.6000000000000001,linear,2500.0,1000,10,15,7,24004,exact,0.14256854256854262,True,True,0,3,4406.0,17574.0,0.1639163916391639,True,2424.000000000002,4406.0,1890203464.2857144,8.749964237213135
0.5,0.6000000000000001,logarithmic,1000.0,1000,10,15,7,24004,exact,0.14256854256854262,True,True,0,0,0.0,0.0,0.0,True,0.0,0.0,21.32578452170392,8.744330883026123
0.5,0.6000000000000001,logarithmic,1300.0,1000,10,15,7,24004,exact,0.14256854256854262,True,True,0,0,0.0,0.0,0.0,True,0.0,0.0,21.32578452170392,8.666192293167114
0.5,0.6000000000000001,logarithmic,1600.0,1000,10,15,7,24004,exact,0.14256854256854262,True,True,0,1,0.0,5022.0,0.0,True,558.0,0.0,21.32578452170392,8.740092277526855
0.5,0.6000000000000001,logarithmic,1900.0,1000,10,15,7,24004,exact,0.14256854256854262,True,True,0,2,967.0,8180.0,0.1821515892420538,True,409.0,967.0,21.32578452170392,8.642107248306274
0.5,0.6000000000000001,logarithmic,2200.0,1000,10,15,7,24004,exact,0.14256854256854262,True,True,0,3,2588.0,17574.0,0.1639163916391639,True,4242.0,2588.0,21.32578452170392,8.762832641601562
0.5,0.6000000000000001,logarithmic,2500.0,1000,10,15,7,24004,exact,0.14256854256854262,True,True,0,3,4406.0,17574.0,0.1639163916391639,True,2424.000000000002,4406.0,21.32578452170392,8.684489250183105
0.5,0.8,linear,1000.0,1000,10,15,7,24004,exact,0.14256854256854257,True,True,0,0,0.0,0.0,0.0,True,0.0,0.0,2520267750.0,8.687083721160889
0.5,0.8,linear,1300.0,1000,10,15,7,24004,exact,0.14256854256854257,True,True,0,0,0.0,0.0,0.0,True,0.0,0.0,2520267750.0,9.042861223220825
0.5,0.8,linear,1600.0,1000,10,15,7,24004,exact,0.14256854256854257,True,True,0,1,0.0,5022.0,0.0,True,558.0,0.0,2520267750.0,8.776679992675781
0.5,0.8,linear,1900.0,1000,10,15,7,24004,exact,0.14256854256854257,True,True,0,2,967.0,8180.0,0.1821515892420538,True,409.0,967.0,2520267750.0,8.696674585342407
0.5,0.8,linear,2200.0,1000,10,15,7,24004,exact,0.14256854256854257,True,True,0,3,2588.0,17574.0,0.1639163916391639,True,4242.0,2588.0,2520267750.0,8.441364049911499
0.5,0.8,linear,2500.0,1000,10,15,7,24004,exact,0.14256854256854257,True,True,0,3,4406.0,17574.0,0.1639163916391639,True,2424.000000000002,4406.0,2520267750.0,8.543436050415039
0.5,0.8,logarithmic,1000.0,1000,10,15,7,24004,exact,0.14256854256854257,True,True,0,0,0.0,0.0,0.0,True,0.0,0.0,21.61346519124452,8.411346673965454
0.5,0.8,logarithmic,1300.0,1000,10,15,7,24004,exact,0.14256854256854257,True,True,0,0,0.0,0.0,0.0,True,0.0,0.0,21.61346519124452,8.489763021469116
0.5,0.8,logarithmic,1600.0,1000,10,15,7,24004,exact,0.14256854256854257,True,True,0,1,0.0,5022.0,0.0,True,558.0,0.0,21.61346519124452,8.487781524658203
0.5,0.8,logarithmic,1900.0,1000,10,15,7,24004,exact,0.14256854256854257,True,True,0,2,967.0,8180.0,0.1821515892420538,True,409.0,967.0,21.61346519124452,8.550652027130127
0.5,0.8,logarithmic,2200.0,1000,10,15,7,24004,exact,0.14256854256854257,True,True,0,3,2588.0,17574.0,0.1639163916391639,True,4242.0,2588.0,21.61346519124452,8.481976985931396
0.5,0.8,logarithmic,2500.0,1000,10,15,7,24004,exact,0.14256854256854257,True,True,0,3,4406.0,17574.0,0.1639163916391639,True,2424.000000000002,4406.0,21.61346519124452,8.440362453460693
0.5,1.0,linear,1000.0,1000,10,15,7,24004,exact,0.14256854256854257,True,True,0,0,0.0,0.0,0.0,True,0.0,0.0,3150332035.714286,8.578803062438965
0.5,1.0,linear,1300.0,1000,10,15,7,24004,exact,0.14256854256854257,True,True,0,0,0.0,0.0,0.0,True,0.0,0.0,3150332035.714286,8.573869466781616
0.5,1.0,linear,1600.0,1000,10,15,7,24004,exact,0.14256854256854257,True,True,0,1,0.0,5022.0,0.0,True,558.0,0.0,3150332035.714286,8.44000792503357
0.5,1.0,linear,1900.0,1000,10,15,7,24004,exact,0.14256854256854257,True,True,0,2,967.0,8180.0,0.1821515892420538,True,409.0,967.0,3150332035.714286,8.429264545440674
0.5,1.0,linear,2200.0,1000,10,15,7,24004,exact,0.14256854256854257,True,True,0,3,2588.0,17574.0,0.1639163916391639,True,4242.0,2588.0,3150332035.714286,8.499985218048096
0.5,1.0,linear,2500.0,1000,10,15,7,24004,exact,0.14256854256854257,True,True,0,3,4406.0,17574.0,0.1639163916391639,True,2424.000000000002,4406.0,3150332035.714286,8.440794229507446
0.5,1.0,logarithmic,1000.0,1000,10,15,7,24004,exact,0.14256854256854257,True,True,0,0,0.0,0.0,0.0,True,0.0,0.0,21.836607900811078,8.511920690536499
0.5,1.0,logarithmic,1300.0,1000,10,15,7,24004,exact,0.14256854256854257,True,True,0,0,0.0,0.0,0.0,True,0.0,0.0,21.836607900811078,8.502877712249756
0.5,1.0,logarithmic,1600.0,1000,10,15,7,24004,exact,0.14256854256854257,True,True,0,1,0.0,5022.0,0.0,True,558.0,0.0,21.836607900811078,8.437597751617432
0.5,1.0,logarithmic,1900.0,1000,10,15,7,24004,exact,0.14256854256854257,True,True,0,2,967.0,8180.0,0.1821515892420538,True,409.0,967.0,21.836607900811078,8.677278518676758
0.5,1.0,logarithmic,2200.0,1000,10,15,7,24004,exact,0.14256854256854257,True,True,0,3,2588.0,17574.0,0.1639163916391639,True,4242.0,2588.0,21.836607900811078,8.51557469367981
0.5,1.0,logarithmic,2500.0,1000,10,15,7,24004,exact,0.14256854256854257,True,True,0,3,4406.0,17574.0,0.1639163916391639,True,2424.000000000002,4406.0,21.836607900811078,8.618945360183716
0.7,0.2,linear,1000.0,1000,10,15,7,24004,exact,0.14256854256854257,True,True,0,0,0.0,0.0,0.0,True,0.0,0.0,630079135.7142857,8.585851669311523
0.7,0.2,linear,1300.0,1000,10,15,7,24004,exact,0.14256854256854257,True,True,0,0,0.0,0.0,0.0,True,0.0,0.0,630079135.7142857,8.551953077316284
0.7,0.2,linear,1600.0,1000,10,15,7,24004,exact,0.14256854256854257,True,True,0,1,0.0,5022.0,0.0,True,558.0,0.0,630079135.7142857,8.605552434921265
0.7,0.2,linear,1900.0,1000,10,15,7,24004,exact,0.14256854256854257,True,True,0,2,967.0,8180.0,0.1821515892420538,True,409.0,967.0,630079135.7142857,9.106834411621094
0.7,0.2,linear,2200.0,1000,10,15,7,24004,exact,0.14256854256854257,True,True,0,3,2588.0,17574.0,0.1639163916391639,True,4242.0,2588.0,630079135.7142857,8.697293281555176
0.7,0.2,linear,2500.0,1000,10,15,7,24004,exact,0.14256854256854257,True,True,0,3,4406.0,17574.0,0.1639163916391639,True,2424.000000000002,4406.0,630079135.7142857,8.7196364402771
0.7,0.2,logarithmic,1000.0,1000,10,15,7,24004,exact,0.14256854256854257,True,True,0,0,0.0,0.0,0.0,True,0.0,0.0,20.2271901901251,8.701209545135498
0.7,0.2,logarithmic,1300.0,1000,10,15,7,24004,exact,0.14256854256854257,True,True,0,0,0.0,0.0,0.0,True,0.0,0.0,20.2271901901251,8.57259202003479
0.7,0.2,logarithmic,1600.0,1000,10,15,7,24004,exact,0.14256854256854257,True,True,0,1,0.0,5022.0,0.0,True,558.0,0.0,20.2271901901251,8.607560157775879
0.7,0.2,logarithmic,1900.0,1000,10,15,7,24004,exact,0.14256854256854257,True,True,0,2,967.0,8180.0,0.1821515892420538,True,409.0,967.0,20.2271901901251,8.564782857894897
0.7,0.2,logarithmic,2200.0,1000,10,15,7,24004,exact,0.14256854256854257,True,True,0,3,2588.0,17574.0,0.1639163916391639,True,4242.0,2588.0,20.2271901901251,8.559130907058716
0.7,0.2,logarithmic,2500.0,1000,10,15,7,24004,exact,0.14256854256854257,True,True,0,3,4406.0,17574.0,0.1639163916391639,True,2424.000000000002,4406.0,20.2271901901251,8.58139944076538
0.7,0.4,linear,1000.0,1000,10,15,7,24004,exact,0.14256854256854257,True,True,0,0,0.0,0.0,0.0,True,0.0,0.0,1260143421.4285715,8.506742715835571
0.7,0.4,linear,1300.0,1000,10,15,7,24004,exact,0.14256854256854257,True,True,0,0,0.0,0.0,0.0,True,0.0,0.0,1260143421.4285715,8.528103828430176
0.7,0.4,linear,1600.0,1000,10,15,7,24004,exact,0.14256854256854257,True,True,0,1,0.0,5022.0,0.0,True,558.0,0.0,1260143421.4285715,8.537427186965942
0.7,0.4,linear,1900.0,1000,10,15,7,24004,exact,0.14256854256854257,True,True,0,2,967.0,8180.0,0.1821515892420538,True,409.0,967.0,1260143421.4285715,8.51176929473877
0.7,0.4,linear,2200.0,1000,10,15,7,24004,exact,0.14256854256854257,True,True,0,3,2588.0,17574.0,0.1639163916391639,True,4242.0,2588.0,1260143421.4285715,8.579444885253906
0.7,0.4,linear,2500.0,1000,10,15,7,24004,exact,0.14256854256854257,True,True,0,3,4406.0,17574.0,0.1639163916391639,True,2424.000000000002,4406.0,1260143421.4285715,8.493381261825562
0.7,0.4,logarithmic,1000.0,1000,10,15,7,24004,exact,0.14256854256854257,True,True,0,0,0.0,0.0,0.0,True,0.0,0.0,20.92032558638157,8.585770845413208
0.7,0.4,logarithmic,1300.0,1000,10,15,7,24004,exact,0.14256854256854257,True,True,0,0,0.0,0.0,0.0,True,0.0,0.0,20.92032558638157,8.597210884094238
0.7,0.4,logarithmic,1600.0,1000,10,15,7,24004,exact,0.14256854256854257,True,True,0,1,0.0,5022.0,0.0,True,558.0,0.0,20.92032558638157,8.694228887557983
0.7,0.4,logarithmic,1900.0,1000,10,15,7,24004,exact,0.14256854256854257,True,True,0,2,967.0,8180.0,0.1821515892420538,True,409.0,967.0,20.92032558638157,8.625407934188843
0.7,0.4,logarithmic,2200.0,1000,10,15,7,24004,exact,0.14256854256854257,True,True,0,3,2588.0,17574.0,0.1639163916391639,True,4242.0,2588.0,20.92032558638157,8.516552925109863
0.7,0.4,logarithmic,2500.0,1000,10,15,7,24004,exact,0.14256854256854257,True,True,0,3,4406.0,17574.0,0.1639163916391639,True,2424.000000000002,4406.0,20.92032558638157,9.38308048248291
0.7,0.6000000000000001,linear,1000.0,1000,10,15,7,24004,exact,0.14256854256854262,True,True,0,0,0.0,0.0,0.0,True,0.0,0.0,1890207707.142857,8.86027717590332
0.7,0.6000000000000001,linear,1300.0,1000,10,15,7,24004,exact,0.14256854256854262,True,True,0,0,0.0,0.0,0.0,True,0.0,0.0,1890207707.142857,8.788262844085693
0.7,0.6000000000000001,linear,1600.0,1000,10,15,7,24004,exact,0.14256854256854262,True,True,0,1,0.0,5022.0,0.0,True,558.0,0.0,1890207707.142857,8.76517653465271
0.7,0.6000000000000001,linear,1900.0,1000,10,15,7,24004,exact,0.14256854256854262,True,True,0,2,967.0,8180.0,0.1821515892420538,True,409.0,967.0,1890207707.142857,8.714007139205933
0.7,0.6000000000000001,linear,2200.0,1000,10,15,7,24004,exact,0.14256854256854262,True,True,0,3,2588.0,17574.0,0.1639163916391639,True,4242.0,2588.0,1890207707.142857,8.764453172683716
0.7,0.6000000000000001,linear,2500.0,1000,10,15,7,24004,exact,0.14256854256854262,True,True,0,3,4406.0,17574.0,0.1639163916391639,True,2424.000000000002,4406.0,1890207707.142857,8.87208080291748
0.7,0.6000000000000001,logarithmic,1000.0,1000,10,15,7,24004,exact,0.14256854256854262,True,True,0,0,0.0,0.0,0.0,True,0.0,0.0,21.325786766357716,8.786052465438843
0.7,0.6000000000000001,logarithmic,1300.0,1000,10,15,7,24004,exact,0.14256854256854262,True,True,0,0,0.0,0.0,0.0,True,0.0,0.0,21.325786766357716,8.88948941230774
0.7,0.6000000000000001,logarithmic,1600.0,1000,10,15,7,24004,exact,0.14256854256854262,True,True,0,1,0.0,5022.0,0.0,True,558.0,0.0,21.325786766357716,8.673156023025513
0.7,0.6000000000000001,logarithmic,1900.0,1000,10,15,7,24004,exact,0.14256854256854262,True,True,0,2,967.0,8180.0,0.1821515892420538,True,409.0,967.0,21.325786766357716,8.815632820129395
0.7,0.6000000000000001,logarithmic,2200.0,1000,10,15,7,24004,exact,0.14256854256854262,True,True,0,3,2588.0,17574.0,0.1639163916391639,True,4242.0,2588.0,21.325786766357716,8.752726554870605
0.7,0.6000000000000001,logarithmic,2500.0,1000,10,15,7,24004,exact,0.14256854256854262,True,True,0,3,4406.0,17574.0,0.1639163916391639,True,2424.000000000002,4406.0,21.325786766357716,8.723640441894531
0.7,0.8,linear,1000.0,1000,10,15,7,24004,exact,0.14256854256854257,True,True,0,0,0.0,0.0,0.0,True,0.0,0.0,2520271992.857143,8.772400617599487
0.7,0.8,linear,1300.0,1000,10,15,7,24004,exact,0.14256854256854257,True,True,0,0,0.0,0.0,0.0,True,0.0,0.0,2520271992.857143,8.744621515274048
0.7,0.8,linear,1600.0,1000,10,15,7,24004,exact,0.14256854256854257,True,True,0,1,0.0,5022.0,0.0,True,558.0,0.0,2520271992.857143,8.724279880523682
0.7,0.8,linear,1900.0,1000,10,15,7,24004,exact,0.14256854256854257,True,True,0,2,967.0,8180.0,0.1821515892420538,True,409.0,967.0,2520271992.857143,8.711413383483887
0.7,0.8,linear,2200.0,1000,10,15,7,24004,exact,0.14256854256854257,True,True,0,3,2588.0,17574.0,0.1639163916391639,True,4242.0,2588.0,2520271992.857143,8.65592885017395
0.7,0.8,linear,2500.0,1000,10,15,7,24004,exact,0.14256854256854257,True,True,0,3,4406.0,17574.0,0.1639163916391639,True,2424.000000000002,4406.0,2520271992.857143,8.698747158050537
0.7,0.8,logarithmic,1000.0,1000,10,15,7,24004,exact,0.14256854256854257,True,True,0,0,0.0,0.0,0.0,True,0.0,0.0,21.6134668747377,8.656176328659058
0.7,0.8,logarithmic,1300.0,1000,10,15,7,24004,exact,0.14256854256854257,True,True,0,0,0.0,0.0,0.0,True,0.0,0.0,21.6134668747377,8.781065225601196
0.7,0.8,logarithmic,1600.0,1000,10,15,7,24004,exact,0.14256854256854257,True,True,0,1,0.0,5022.0,0.0,True,558.0,0.0,21.6134668747377,9.187011003494263
0.7,0.8,logarithmic,1900.0,1000,10,15,7,24004,exact,0.14256854256854257,True,True,0,2,967.0,8180.0,0.1821515892420538,True,409.0,967.0,21.6134668747377,9.19024920463562
0.7,0.8,logarithmic,2200.0,1000,10,15,7,24004,exact,0.14256854256854257,True,True,0,3,2588.0,17574.0,0.1639163916391639,True,4242.0,2588.0,21.6134668747377,9.230083465576172
0.7,0.8,logarithmic,2500.0,1000,10,15,7,24004,exact,0.14256854256854257,True,True,0,3,4406.0,17574.0,0.1639163916391639,True,2424.000000000002,4406.0,21.6134668747377,9.374095678329468
0.7,1.0,linear,1000.0,1000,10,15,7,24004,exact,0.14256854256854257,True,True,0,0,0.0,0.0,0.0,True,0.0,0.0,3150336278.571429,9.268692255020142
0.7,1.0,linear,1300.0,1000,10,15,7,24004,exact,0.14256854256854257,True,True,0,0,0.0,0.0,0.0,True,0.0,0.0,3150336278.571429,9.226074695587158
0.7,1.0,linear,1600.0,1000,10,15,7,24004,exact,0.14256854256854257,True,True,0,1,0.0,5022.0,0.0,True,558.0,0.0,3150336278.571429,9.303797245025635
0.7,1.0,linear,1900.0,1000,10,15,7,24004,exact,0.14256854256854257,True,True,0,2,967.0,8180.0,0.1821515892420538,True,409.0,967.0,3150336278.571429,9.500205755233765
0.7,1.0,linear,2200.0,1000,10,15,7,24004,exact,0.14256854256854257,True,True,0,3,2588.0,17574.0,0.1639163916391639,True,4242.0,2588.0,3150336278.571429,9.301454067230225
0.7,1.0,linear,2500.0,1000,10,15,7,24004,exact,0.14256854256854257,True,True,0,3,4406.0,17574.0,0.1639163916391639,True,2424.000000000002,4406.0,3150336278.571429,9.313881158828735
0.7,1.0,logarithmic,1000.0,1000,10,15,7,24004,exact,0.14256854256854257,True,True,0,0,0.0,0.0,0.0,True,0.0,0.0,21.83660924760698,9.299031257629395
0.7,1.0,logarithmic,1300.0,1000,10,15,7,24004,exact,0.14256854256854257,True,True,0,0,0.0,0.0,0.0,True,0.0,0.0,21.83660924760698,9.18941617012024
0.7,1.0,logarithmic,1600.0,1000,10,15,7,24004,exact,0.14256854256854257,True,True,0,1,0.0,5022.0,0.0,True,558.0,0.0,21.83660924760698,9.165143966674805
0.7,1.0,logarithmic,1900.0,1000,10,15,7,24004,exact,0.14256854256854257,True,True,0,2,967.0,8180.0,0.1821515892420538,True,409.0,967.0,21.83660924760698,9.30854845046997
0.7,1.0,logarithmic,2200.0,1000,10,15,7,24004,exact,0.14256854256854257,True,True,0,3,2588.0,17574.0,0.1639163916391639,True,4242.0,2588.0,21.83660924760698,9.22832441329956
0.7,1.0,logarithmic,2500.0,1000,10,15,7,24004,exact,0.14256854256854257,True,True,0,3,4406.0,17574.0,0.1639163916391639,True,2424.000000000002,4406.0,21.83660924760698,9.299939155578613
0.9,0.2,linear,1000.0,1000,10,15,7,24004,exact,0.14256854256854257,True,True,0,0,0.0,0.0,0.0,True,0.0,0.0,630083378.5714285,9.350794792175293
0.9,0.2,linear,1300.0,1000,10,15,7,24004,exact,0.14256854256854257,True,True,0,0,0.0,0.0,0.0,True,0.0,0.0,630083378.5714285,9.178264617919922
0.9,0.2,linear,1600.0,1000,10,15,7,24004,exact,0.14256854256854257,True,True,0,1,0.0,5022.0,0.0,True,558.0,0.0,630083378.5714285,9.346856117248535
0.9,0.2,linear,1900.0,1000,10,15,7,24004,exact,0.14256854256854257,True,True,0,2,967.0,8180.0,0.1821515892420538,True,409.0,967.0,630083378.5714285,9.389122724533081
0.9,0.2,linear,2200.0,1000,10,15,7,24004,exact,0.14256854256854257,True,True,0,3,2588.0,17574.0,0.1639163916391639,True,4242.0,2588.0,630083378.5714285,9.302044153213501
0.9,0.2,linear,2500.0,1000,10,15,7,24004,exact,0.14256854256854257,True,True,0,3,4406.0,17574.0,0.1639163916391639,True,2424.000000000002,4406.0,630083378.5714285,9.371555089950562
0.9,0.2,logarithmic,1000.0,1000,10,15,7,24004,exact,0.14256854256854257,True,True,0,0,0.0,0.0,0.0,True,0.0,0.0,20.22719692395045,9.330882549285889
0.9,0.2,logarithmic,1300.0,1000,10,15,7,24004,exact,0.14256854256854257,True,True,0,0,0.0,0.0,0.0,True,0.0,0.0,20.22719692395045,9.321789503097534
0.9,0.2,logarithmic,1600.0,1000,10,15,7,24004,exact,0.14256854256854257,True,True,0,1,0.0,5022.0,0.0,True,558.0,0.0,20.22719692395045,9.306731939315796
0.9,0.2,logarithmic,1900.0,1000,10,15,7,24004,exact,0.14256854256854257,True,True,0,2,967.0,8180.0,0.1821515892420538,True,409.0,967.0,20.22719692395045,9.29197072982788
0.9,0.2,logarithmic,2200.0,1000,10,15,7,24004,exact,0.14256854256854257,True,True,0,3,2588.0,17574.0,0.1639163916391639,True,4242.0,2588.0,20.22719692395045,9.17742371559143
0.9,0.2,logarithmic,2500.0,1000,10,15,7,24004,exact,0.14256854256854257,True,True,0,3,4406.0,17574.0,0.1639163916391639,True,2424.000000000002,4406.0,20.22719692395045,9.256597518920898
0.9,0.4,linear,1000.0,1000,10,15,7,24004,exact,0.14256854256854257,True,True,0,0,0.0,0.0,0.0,True,0.0,0.0,1260147664.2857144,9.250513553619385
0.9,0.4,linear,1300.0,1000,10,15,7,24004,exact,0.14256854256854257,True,True,0,0,0.0,0.0,0.0,True,0.0,0.0,1260147664.2857144,9.284414052963257
0.9,0.4,linear,1600.0,1000,10,15,7,24004,exact,0.14256854256854257,True,True,0,1,0.0,5022.0,0.0,True,558.0,0.0,1260147664.2857144,9.206964492797852
0.9,0.4,linear,1900.0,1000,10,15,7,24004,exact,0.14256854256854257,True,True,0,2,967.0,8180.0,0.1821515892420538,True,409.0,967.0,1260147664.2857144,9.13797402381897
0.9,0.4,linear,2200.0,1000,10,15,7,24004,exact,0.14256854256854257,True,True,0,3,2588.0,17574.0,0.1639163916391639,True,4242.0,2588.0,1260147664.2857144,9.207112789154053
0.9,0.4,linear,2500.0,1000,10,15,7,24004,exact,0.14256854256854257,True,True,0,3,4406.0,17574.0,0.1639163916391639,True,2424.000000000002,4406.0,1260147664.2857144,9.252184867858887
0.9,0.4,logarithmic,1000.0,1000,10,15,7,24004,exact,0.14256854256854257,True,True,0,0,0.0,0.0,0.0,True,0.0,0.0,20.920328953339588,9.320026159286499
0.9,0.4,logarithmic,1300.0,1000,10,15,7,24004,exact,0.14256854256854257,True,True,0,0,0.0,0.0,0.0,True,0.0,0.0,20.920328953339588,9.331364154815674
0.9,0.4,logarithmic,1600.0,1000,10,15,7,24004,exact,0.14256854256854257,True,True,0,1,0.0,5022.0,0.0,True,558.0,0.0,20.920328953339588,9.273588180541992
0.9,0.4,logarithmic,1900.0,1000,10,15,7,24004,exact,0.14256854256854257,True,True,0,2,967.0,8180.0,0.1821515892420538,True,409.0,967.0,20.920328953339588,9.259268760681152
0.9,0.4,logarithmic,2200.0,1000,10,15,7,24004,exact,0.14256854256854257,True,True,0,3,2588.0,17574.0,0.1639163916391639,True,4242.0,2588.0,20.920328953339588,9.249816656112671
0.9,0.4,logarithmic,2500.0,1000,10,15,7,24004,exact,0.14256854256854257,True,True,0,3,4406.0,17574.0,0.1639163916391639,True,2424.000000000002,4406.0,20.920328953339588,9.29653525352478
0.9,0.6000000000000001,linear,1000.0,1000,10,15,7,24004,exact,0.14256854256854262,True,True,0,0,0.0,0.0,0.0,True,0.0,0.0,1890211950.0,9.242736577987671
0.9,0.6000000000000001,linear,1300.0,1000,10,15,7,24004,exact,0.14256854256854262,True,True,0,0,0.0,0.0,0.0,True,0.0,0.0,1890211950.0,9.362829208374023
0.9,0.6000000000000001,linear,1600.0,1000,10,15,7,24004,exact,0.14256854256854262,True,True,0,1,0.0,5022.0,0.0,True,558.0,0.0,1890211950.0,9.400759220123291
0.9,0.6000000000000001,linear,1900.0,1000,10,15,7,24004,exact,0.14256854256854262,True,True,0,2,967.0,8180.0,0.1821515892420538,True,409.0,967.0,1890211950.0,9.262622594833374
0.9,0.6000000000000001,linear,2200.0,1000,10,15,7,24004,exact,0.14256854256854262,True,True,0,3,2588.0,17574.0,0.1639163916391639,True,4242.0,2588.0,1890211950.0,9.295851945877075
0.9,0.6000000000000001,linear,2500.0,1000,10,15,7,24004,exact,0.14256854256854262,True,True,0,3,4406.0,17574.0,0.1639163916391639,True,2424.000000000002,4406.0,1890211950.0,9.185595750808716
0.9,0.6000000000000001,logarithmic,1000.0,1000,10,15,7,24004,exact,0.14256854256854262,True,True,0,0,0.0,0.0,0.0,True,0.0,0.0,21.32578901100647,9.256281852722168
0.9,0.6000000000000001,logarithmic,1300.0,1000,10,15,7,24004,exact,0.14256854256854262,True,True,0,0,0.0,0.0,0.0,True,0.0,0.0,21.32578901100647,9.389708995819092
0.9,0.6000000000000001,logarithmic,1600.0,1000,10,15,7,24004,exact,0.14256854256854262,True,True,0,1,0.0,5022.0,0.0,True,558.0,0.0,21.32578901100647,9.330806970596313
0.9,0.6000000000000001,logarithmic,1900.0,1000,10,15,7,24004,exact,0.14256854256854262,True,True,0,2,967.0,8180.0,0.1821515892420538,True,409.0,967.0,21.32578901100647,9.289527177810669
0.9,0.6000000000000001,logarithmic,2200.0,1000,10,15,7,24004,exact,0.14256854256854262,True,True,0,3,2588.0,17574.0,0.1639163916391639,True,4242.0,2588.0,21.32578901100647,9.127509355545044
0.9,0.6000000000000001,logarithmic,2500.0,1000,10,15,7,24004,exact,0.14256854256854262,True,True,0,3,4406.0,17574.0,0.1639163916391639,True,2424.000000000002,4406.0,21.32578901100647,9.233575820922852
0.9,0.8,linear,1000.0,1000,10,15,7,24004,exact,0.14256854256854257,True,True,0,0,0.0,0.0,0.0,True,0.0,0.0,2520276235.714286,9.207999467849731
0.9,0.8,linear,1300.0,1000,10,15,7,24004,exact,0.14256854256854257,True,True,0,0,0.0,0.0,0.0,True,0.0,0.0,2520276235.714286,9.263785362243652
0.9,0.8,linear,1600.0,1000,10,15,7,24004,exact,0.14256854256854257,True,True,0,1,0.0,5022.0,0.0,True,558.0,0.0,2520276235.714286,9.319599866867065
0.9,0.8,linear,1900.0,1000,10,15,7,24004,exact,0.14256854256854257,True,True,0,2,967.0,8180.0,0.1821515892420538,True,409.0,967.0,2520276235.714286,9.079973459243774
0.9,0.8,linear,2200.0,1000,10,15,7,24004,exact,0.14256854256854257,True,True,0,3,2588.0,17574.0,0.1639163916391639,True,4242.0,2588.0,2520276235.714286,9.217392921447754
0.9,0.8,linear,2500.0,1000,10,15,7,24004,exact,0.14256854256854257,True,True,0,3,4406.0,17574.0,0.1639163916391639,True,2424.000000000002,4406.0,2520276235.714286,9.193937540054321
0.9,0.8,logarithmic,1000.0,1000,10,15,7,24004,exact,0.14256854256854257,True,True,0,0,0.0,0.0,0.0,True,0.0,0.0,21.613468558228046,9.315106630325317
0.9,0.8,logarithmic,1300.0,1000,10,15,7,24004,exact,0.14256854256854257,True,True,0,0,0.0,0.0,0.0,True,0.0,0.0,21.613468558228046,9.323537588119507
0.9,0.8,logarithmic,1600.0,1000,10,15,7,24004,exact,0.14256854256854257,True,True,0,1,0.0,5022.0,0.0,True,558.0,0.0,21.613468558228046,9.178822755813599
0.9,0.8,logarithmic,1900.0,1000,10,15,7,24004,exact,0.14256854256854257,True,True,0,2,967.0,8180.0,0.1821515892420538,True,409.0,967.0,21.613468558228046,9.236090898513794
0.9,0.8,logarithmic,2200.0,1000,10,15,7,24004,exact,0.14256854256854257,True,True,0,3,2588.0,17574.0,0.1639163916391639,True,4242.0,2588.0,21.613468558228046,9.229121208190918
0.9,0.8,logarithmic,2500.0,1000,10,15,7,24004,exact,0.14256854256854257,True,True,0,3,4406.0,17574.0,0.1639163916391639,True,2424.000000000002,4406.0,21.613468558228046,9.178554773330688
0.9,1.0,linear,1000.0,1000,10,15,7,24004,exact,0.14256854256854257,True,True,0,0,0.0,0.0,0.0,True,0.0,0.0,3150340521.428571,9.139804601669312
0.9,1.0,linear,1300.0,1000,10,15,7,24004,exact,0.14256854256854257,True,True,0,0,0.0,0.0,0.0,True,0.0,0.0,3150340521.428571,9.267403364181519
0.9,1.0,linear,1600.0,1000,10,15,7,24004,exact,0.14256854256854257,True,True,0,1,0.0,5022.0,0.0,True,558.0,0.0,3150340521.428571,9.288246154785156
0.9,1.0,linear,1900.0,1000,10,15,7,24004,exact,0.14256854256854257,True,True,0,2,967.0,8180.0,0.1821515892420538,True,409.0,967.0,3150340521.428571,9.316414833068848
0.9,1.0,linear,2200.0,1000,10,15,7,24004,exact,0.14256854256854257,True,True,0,3,2588.0,17574.0,0.1639163916391639,True,4242.0,2588.0,3150340521.428571,9.318140029907227
0.9,1.0,linear,2500.0,1000,10,15,7,24004,exact,0.14256854256854257,True,True,0,3,4406.0,17574.0,0.1639163916391639,True,2424.000000000002,4406.0,3150340521.428571,9.191089153289795
0.9,1.0,logarithmic,1000.0,1000,10,15,7,24004,exact,0.14256854256854257,True,True,0,0,0.0,0.0,0.0,True,0.0,0.0,21.836610594401073,9.433473110198975
0.9,1.0,logarithmic,1300.0,1000,10,15,7,24004,exact,0.14256854256854257,True,True,0,0,0.0,0.0,0.0,True,0.0,0.0,21.836610594401073,9.217961072921753
0.9,1.0,logarithmic,1600.0,1000,10,15,7,24004,exact,0.14256854256854257,True,True,0,1,0.0,5022.0,0.0,True,558.0,0.0,21.836610594401073,9.229814052581787
0.9,1.0,logarithmic,1900.0,1000,10,15,7,24004,exact,0.14256854256854257,True,True,0,2,967.0,8180.0,0.1821515892420538,True,409.0,967.0,21.836610594401073,9.233504295349121
0.9,1.0,logarithmic,2200.0,1000,10,15,7,24004,exact,0.14256854256854257,True,True,0,3,2588.0,17574.0,0.1639163916391639,True,4242.0,2588.0,21.836610594401073,9.228658199310303
0.9,1.0,logarithmic,2500.0,1000,10,15,7,24004,exact,0.14256854256854257,True,True,0,3,4406.0,17574.0,0.1639163916391639,True,2424.000000000002,4406.0,21.836610594401073,9.255418062210083
1.1,0.2,linear,1000.0,1000,10,15,7,24004,exact,0.14256854256854257,True,True,0,0,0.0,0.0,0.0,True,0.0,0.0,630087621.4285715,9.18397855758667
1.1,0.2,linear,1300.0,1000,10,15,7,24004,exact,0.14256854256854257,True,True,0,0,0.0,0.0,0.0,True,0.0,0.0,630087621.4285715,9.254911661148071
1.1,0.2,linear,1600.0,1000,10,15,7,24004,exact,0.14256854256854257,True,True,0,1,0.0,5022.0,0.0,True,558.0,0.0,630087621.4285715,9.15991997718811
1.1,0.2,linear,1900.0,1000,10,15,7,24004,exact,0.14256854256854257,True,True,0,2,967.0,8180.0,0.1821515892420538,True,409.0,967.0,630087621.4285715,9.328701257705688
1.1,0.2,linear,2200.0,1000,10,15,7,24004,exact,0.14256854256854257,True,True,0,3,2588.0,17574.0,0.1639163916391639,True,4242.0,2588.0,630087621.4285715,9.34073281288147
1.1,0.2,linear,2500.0,1000,10,15,7,24004,exact,0.14256854256854257,True,True,0,3,4406.0,17574.0,0.1639163916391639,True,2424.000000000002,4406.0,630087621.4285715,9.205833911895752
1.1,0.2,logarithmic,1000.0,1000,10,15,7,24004,exact,0.14256854256854257,True,True,0,0,0.0,0.0,0.0,True,0.0,0.0,20.22720365773046,9.275186538696289
1.1,0.2,logarithmic,1300.0,1000,10,15,7,24004,exact,0.14256854256854257,True,True,0,0,0.0,0.0,0.0,True,0.0,0.0,20.22720365773046,9.320201396942139
1.1,0.2,logarithmic,1600.0,1000,10,15,7,24004,exact,0.14256854256854257,True,True,0,1,0.0,5022.0,0.0,True,558.0,0.0,20.22720365773046,9.303300380706787
1.1,0.2,logarithmic,1900.0,1000,10,15,7,24004,exact,0.14256854256854257,True,True,0,2,967.0,8180.0,0.1821515892420538,True,409.0,967.0,20.22720365773046,9.369125843048096
1.1,0.2,logarithmic,2200.0,1000,10,15,7,24004,exact,0.14256854256854257,True,True,0,3,2588.0,17574.0,0.1639163916391639,True,4242.0,2588.0,20.22720365773046,9.342917442321777
1.1,0.2,logarithmic,2500.0,1000,10,15,7,24004,exact,0.14256854256854257,True,True,0,3,4406.0,17574.0,0.1639163916391639,True,2424.000000000002,4406.0,20.22720365773046,9.275064706802368
1.1,0.4,linear,1000.0,1000,10,15,7,24004,exact,0.14256854256854257,True,True,0,0,0.0,0.0,0.0,True,0.0,0.0,1260151907.142857,9.177246809005737
1.1,0.4,linear,1300.0,1000,10,15,7,24004,exact,0.14256854256854257,True,True,0,0,0.0,0.0,0.0,True,0.0,0.0,1260151907.142857,9.313833951950073
1.1,0.4,linear,1600.0,1000,10,15,7,24004,exact,0.14256854256854257,True,True,0,1,0.0,5022.0,0.0,True,558.0,0.0,1260151907.142857,9.294578313827515
1.1,0.4,linear,1900.0,1000,10,15,7,24004,exact,0.14256854256854257,True,True,0,2,967.0,8180.0,0.1821515892420538,True,409.0,967.0,1260151907.142857,9.370527267456055
1.1,0.4,linear,2200.0,1000,10,15,7,24004,exact,0.14256854256854257,True,True,0,3,2588.0,17574.0,0.1639163916391639,True,4242.0,2588.0,1260151907.142857,9.225201606750488
1.1,0.4,linear,2500.0,1000,10,15,7,24004,exact,0.14256854256854257,True,True,0,3,4406.0,17574.0,0.1639163916391639,True,2424.000000000002,4406.0,1260151907.142857,9.331021785736084
1.1,0.4,logarithmic,1000.0,1000,10,15,7,24004,exact,0.14256854256854257,True,True,0,0,0.0,0.0,0.0,True,0.0,0.0,20.920332320286274,9.326322555541992
1.1,0.4,logarithmic,1300.0,1000,10,15,7,24004,exact,0.14256854256854257,True,True,0,0,0.0,0.0,0.0,True,0.0,0.0,20.920332320286274,9.33986759185791
1.1,0.4,logarithmic,1600.0,1000,10,15,7,24004,exact,0.14256854256854257,True,True,0,1,0.0,5022.0,0.0,True,558.0,0.0,20.920332320286274,9.394226312637329
1.1,0.4,logarithmic,1900.0,1000,10,15,7,24004,exact,0.14256854256854257,True,True,0,2,967.0,8180.0,0.1821515892420538,True,409.0,967.0,20.920332320286274,9.378228187561035
1.1,0.4,logarithmic,2200.0,1000,10,15,7,24004,exact,0.14256854256854257,True,True,0,3,2588.0,17574.0,0.1639163916391639,True,4242.0,2588.0,20.920332320286274,9.252311944961548
1.1,0.4,logarithmic,2500.0,1000,10,15,7,24004,exact,0.14256854256854257,True,True,0,3,4406.0,17574.0,0.1639163916391639,True,2424.000000000002,4406.0,20.920332320286274,9.267623901367188
1.1,0.6000000000000001,linear,1000.0,1000,10,15,7,24004,exact,0.14256854256854262,True,True,0,0,0.0,0.0,0.0,True,0.0,0.0,1890216192.857143,9.287232637405396
1.1,0.6000000000000001,linear,1300.0,1000,10,15,7,24004,exact,0.14256854256854262,True,True,0,0,0.0,0.0,0.0,True,0.0,0.0,1890216192.857143,9.245187759399414
1.1,0.6000000000000001,linear,1600.0,1000,10,15,7,24004,exact,0.14256854256854262,True,True,0,1,0.0,5022.0,0.0,True,558.0,0.0,1890216192.857143,9.168163061141968
1.1,0.6000000000000001,linear,1900.0,1000,10,15,7,24004,exact,0.14256854256854262,True,True,0,2,967.0,8180.0,0.1821515892420538,True,409.0,967.0,1890216192.857143,9.347516775131226
1.1,0.6000000000000001,linear,2200.0,1000,10,15,7,24004,exact,0.14256854256854262,True,True,0,3,2588.0,17574.0,0.1639163916391639,True,4242.0,2588.0,1890216192.857143,9.324139833450317
1.1,0.6000000000000001,linear,2500.0,1000,10,15,7,24004,exact,0.14256854256854262,True,True,0,3,4406.0,17574.0,0.1639163916391639,True,2424.000000000002,4406.0,1890216192.857143,9.290074825286865
1.1,0.6000000000000001,logarithmic,1000.0,1000,10,15,7,24004,exact,0.14256854256854262,True,True,0,0,0.0,0.0,0.0,True,0.0,0.0,21.32579125565019,9.244638204574585
1.1,0.6000000000000001,logarithmic,1300.0,1000,10,15,7,24004,exact,0.14256854256854262,True,True,0,0,0.0,0.0,0.0,True,0.0,0.0,21.32579125565019,9.556602954864502
1.1,0.6000000000000001,logarithmic,1600.0,1000,10,15,7,24004,exact,0.14256854256854262,True,True,0,1,0.0,5022.0,0.0,True,558.0,0.0,21.32579125565019,9.328104257583618
1.1,0.6000000000000001,logarithmic,1900.0,1000,10,15,7,24004,exact,0.14256854256854262,True,True,0,2,967.0,8180.0,0.1821515892420538,True,409.0,967.0,21.32579125565019,9.230541467666626
1.1,0.6000000000000001,logarithmic,2200.0,1000,10,15,7,24004,exact,0.14256854256854262,True,True,0,3,2588.0,17574.0,0.1639163916391639,True,4242.0,2588.0,21.32579125565019,9.270677328109741
1.1,0.6000000000000001,logarithmic,2500.0,1000,10,15,7,24004,exact,0.14256854256854262,True,True,0,3,4406.0,17574.0,0.1639163916391639,True,2424.000000000002,4406.0,21.32579125565019,9.195544958114624
1.1,0.8,linear,1000.0,1000,10,15,7,24004,exact,0.14256854256854257,True,True,0,0,0.0,0.0,0.0,True,0.0,0.0,2520280478.571429,9.204167127609253
1.1,0.8,linear,1300.0,1000,10,15,7,24004,exact,0.14256854256854257,True,True,0,0,0.0,0.0,0.0,True,0.0,0.0,2520280478.571429,9.277996301651001
1.1,0.8,linear,1600.0,1000,10,15,7,24004,exact,0.14256854256854257,True,True,0,1,0.0,5022.0,0.0,True,558.0,0.0,2520280478.571429,9.27318549156189
1.1,0.8,linear,1900.0,1000,10,15,7,24004,exact,0.14256854256854257,True,True,0,2,967.0,8180.0,0.1821515892420538,True,409.0,967.0,2520280478.571429,9.22074031829834
1.1,0.8,linear,2200.0,1000,10,15,7,24004,exact,0.14256854256854257,True,True,0,3,2588.0,17574.0,0.1639163916391639,True,4242.0,2588.0,2520280478.571429,9.23315143585205
1.1,0.8,linear,2500.0,1000,10,15,7,24004,exact,0.14256854256854257,True,True,0,3,4406.0,17574.0,0.1639163916391639,True,2424.000000000002,4406.0,2520280478.571429,9.134654521942139
1.1,0.8,logarithmic,1000.0,1000,10,15,7,24004,exact,0.14256854256854257,True,True,0,0,0.0,0.0,0.0,True,0.0,0.0,21.61347024171556,9.220604419708252
1.1,0.8,logarithmic,1300.0,1000,10,15,7,24004,exact,0.14256854256854257,True,True,0,0,0.0,0.0,0.0,True,0.0,0.0,21.61347024171556,9.210981130599976
1.1,0.8,logarithmic,1600.0,1000,10,15,7,24004,exact,0.14256854256854257,True,True,0,1,0.0,5022.0,0.0,True,558.0,0.0,21.61347024171556,9.338063716888428
1.1,0.8,logarithmic,1900.0,1000,10,15,7,24004,exact,0.14256854256854257,True,True,0,2,967.0,8180.0,0.1821515892420538,True,409.0,967.0,21.61347024171556,9.116235733032227
1.1,0.8,logarithmic,2200.0,1000,10,15,7,24004,exact,0.14256854256854257,True,True,0,3,2588.0,17574.0,0.1639163916391639,True,4242.0,2588.0,21.61347024171556,9.274109601974487
1.1,0.8,logarithmic,2500.0,1000,10,15,7,24004,exact,0.14256854256854257,True,True,0,3,4406.0,17574.0,0.1639163916391639,True,2424.000000000002,4406.0,21.61347024171556,9.348181247711182
1.1,1.0,linear,1000.0,1000,10,15,7,24004,exact,0.14256854256854257,True,True,0,0,0.0,0.0,0.0,True,0.0,0.0,3150344764.285714,9.266060590744019
1.1,1.0,linear,1300.0,1000,10,15,7,24004,exact,0.14256854256854257,True,True,0,0,0.0,0.0,0.0,True,0.0,0.0,3150344764.285714,9.28946304321289
1.1,1.0,linear,1600.0,1000,10,15,7,24004,exact,0.14256854256854257,True,True,0,1,0.0,5022.0,0.0,True,558.0,0.0,3150344764.285714,9.260976076126099
1.1,1.0,linear,1900.0,1000,10,15,7,24004,exact,0.14256854256854257,True,True,0,2,967.0,8180.0,0.1821515892420538,True,409.0,967.0,3150344764.285714,9.22390604019165
1.1,1.0,linear,2200.0,1000,10,15,7,24004,exact,0.14256854256854257,True,True,0,3,2588.0,17574.0,0.1639163916391639,True,4242.0,2588.0,3150344764.285714,9.182546377182007
1.1,1.0,linear,2500.0,1000,10,15,7,24004,exact,0.14256854256854257,True,True,0,3,4406.0,17574.0,0.1639163916391639,True,2424.000000000002,4406.0,3150344764.285714,9.239792108535767
1.1,1.0,logarithmic,1000.0,1000,10,15,7,24004,exact,0.14256854256854257,True,True,0,0,0.0,0.0,0.0,True,0.0,0.0,21.83661194119335,9.16010570526123
1.1,1.0,logarithmic,1300.0,1000,10,15,7,24004,exact,0.14256854256854257,True,True,0,0,0.0,0.0,0.0,True,0.0,0.0,21.83661194119335,9.463343381881714
1.1,1.0,logarithmic,1600.0,1000,10,15,7,24004,exact,0.14256854256854257,True,True,0,1,0.0,5022.0,0.0,True,558.0,0.0,21.83661194119335,9.426998853683472
1.1,1.0,logarithmic,1900.0,1000,10,15,7,24004,exact,0.14256854256854257,True,True,0,2,967.0,8180.0,0.1821515892420538,True,409.0,967.0,21.83661194119335,9.378940105438232
1.1,1.0,logarithmic,2200.0,1000,10,15,7,24004,exact,0.14256854256854257,True,True,0,3,2588.0,17574.0,0.1639163916391639,True,4242.0,2588.0,21.83661194119335,9.365994930267334
1.1,1.0,logarithmic,2500.0,1000,10,15,7,24004,exact,0.14256854256854257,True,True,0,3,4406.0,17574.0,0.1639163916391639,True,2424.000000000002,4406.0,21.83661194119335,9.321568489074707
1.3,0.2,linear,1000.0,1000,10,15,7,24004,exact,0.14256854256854257,True,True,0,0,0.0,0.0,0.0,True,0.0,0.0,630091864.2857143,9.334409475326538
1.3,0.2,linear,1300.0,1000,10,15,7,24004,exact,0.14256854256854257,True,True,0,0,0.0,0.0,0.0,True,0.0,0.0,630091864.2857143,9.227619409561157
1.3,0.2,linear,1600.0,1000,10,15,7,24004,exact,0.14256854256854257,True,True,0,1,0.0,5022.0,0.0,True,558.0,0.0,630091864.2857143,9.350387811660767
1.3,0.2,linear,1900.0,1000,10,15,7,24004,exact,0.14256854256854257,True,True,0,2,967.0,8180.0,0.1821515892420538,True,409.0,967.0,630091864.2857143,9.301201105117798
1.3,0.2,linear,2200.0,1000,10,15,7,24004,exact,0.14256854256854257,True,True,0,3,2588.0,17574.0,0.1639163916391639,True,4242.0,2588.0,630091864.2857143,9.345669984817505
1.3,0.2,linear,2500.0,1000,10,15,7,24004,exact,0.14256854256854257,True,True,0,3,4406.0,17574.0,0.1639163916391639,True,2424.000000000002,4406.0,630091864.2857143,9.262356281280518
1.3,0.2,logarithmic,1000.0,1000,10,15,7,24004,exact,0.14256854256854257,True,True,0,0,0.0,0.0,0.0,True,0.0,0.0,20.227210391465125,9.303302526473999
1.3,0.2,logarithmic,1300.0,1000,10,15,7,24004,exact,0.14256854256854257,True,True,0,0,0.0,0.0,0.0,True,0.0,0.0,20.227210391465125,9.333582162857056
1.3,0.2,logarithmic,1600.0,1000,10,15,7,24004,exact,0.14256854256854257,True,True,0,1,0.0,5022.0,0.0,True,558.0,0.0,20.227210391465125,9.25097393989563
1.3,0.2,logarithmic,1900.0,1000,10,15,7,24004,exact,0.14256854256854257,True,True,0,2,967.0,8180.0,0.1821515892420538,True,409.0,967.0,20.227210391465125,9.377270460128784
1.3,0.2,logarithmic,2200.0,1000,10,15,7,24004,exact,0.14256854256854257,True,True,0,3,2588.0,17574.0,0.1639163916391639,True,4242.0,2588.0,20.227210391465125,9.28217887878418
1.3,0.2,logarithmic,2500.0,1000,10,15,7,24004,exact,0.14256854256854257,True,True,0,3,4406.0,17574.0,0.1639163916391639,True,2424.000000000002,4406.0,20.227210391465125,9.313094139099121
1.3,0.4,linear,1000.0,1000,10,15,7,24004,exact,0.14256854256854257,True,True,0,0,0.0,0.0,0.0,True,0.0,0.0,1260156150.0,9.360924005508423
1.3,0.4,linear,1300.0,1000,10,15,7,24004,exact,0.14256854256854257,True,True,0,0,0.0,0.0,0.0,True,0.0,0.0,1260156150.0,9.221120595932007
1.3,0.4,linear,1600.0,1000,10,15,7,24004,exact,0.14256854256854257,True,True,0,1,0.0,5022.0,0.0,True,558.0,0.0,1260156150.0,9.2313072681427
1.3,0.4,linear,1900.0,1000,10,15,7,24004,exact,0.14256854256854257,True,True,0,2,967.0,8180.0,0.1821515892420538,True,409.0,967.0,1260156150.0,9.261221885681152
1.3,0.4,linear,2200.0,1000,10,15,7,24004,exact,0.14256854256854257,True,True,0,3,2588.0,17574.0,0.1639163916391639,True,4242.0,2588.0,1260156150.0,9.201434850692749
1.3,0.4,linear,2500.0,1000,10,15,7,24004,exact,0.14256854256854257,True,True,0,3,4406.0,17574.0,0.1639163916391639,True,2424.000000000002,4406.0,1260156150.0,9.341543674468994
1.3,0.4,logarithmic,1000.0,1000,10,15,7,24004,exact,0.14256854256854257,True,True,0,0,0.0,0.0,0.0,True,0.0,0.0,20.92033568722162,9.363103151321411
1.3,0.4,logarithmic,1300.0,1000,10,15,7,24004,exact,0.14256854256854257,True,True,0,0,0.0,0.0,0.0,True,0.0,0.0,20.92033568722162,9.168802976608276
1.3,0.4,logarithmic,1600.0,1000,10,15,7,24004,exact,0.14256854256854257,True,True,0,1,0.0,5022.0,0.0,True,558.0,0.0,20.92033568722162,9.296705484390259
1.3,0.4,logarithmic,1900.0,1000,10,15,7,24004,exact,0.14256854256854257,True,True,0,2,967.0,8180.0,0.1821515892420538,True,409.0,967.0,20.92033568722162,9.38051152229309
1.3,0.4,logarithmic,2200.0,1000,10,15,7,24004,exact,0.14256854256854257,True,True,0,3,2588.0,17574.0,0.1639163916391639,True,4242.0,2588.0,20.92033568722162,9.27273178100586
1.3,0.4,logarithmic,2500.0,1000,10,15,7,24004,exact,0.14256854256854257,True,True,0,3,4406.0,17574.0,0.1639163916391639,True,2424.000000000002,4406.0,20.92033568722162,9.315150022506714
1.3,0.6000000000000001,linear,1000.0,1000,10,15,7,24004,exact,0.14256854256854262,True,True,0,0,0.0,0.0,0.0,True,0.0,0.0,1890220435.7142856,9.211870193481445
1.3,0.6000000000000001,linear,1300.0,1000,10,15,7,24004,exact,0.14256854256854262,True,True,0,0,0.0,0.0,0.0,True,0.0,0.0,1890220435.7142856,9.132365703582764
1.3,0.6000000000000001,linear,1600.0,1000,10,15,7,24004,exact,0.14256854256854262,True,True,0,1,0.0,5022.0,0.0,True,558.0,0.0,1890220435.7142856,9.148622035980225
1.3,0.6000000000000001,linear,1900.0,1000,10,15,7,24004,exact,0.14256854256854262,True,True,0,2,967.0,8180.0,0.1821515892420538,True,409.0,967.0,1890220435.7142856,9.26383090019226
1.3,0.6000000000000001,linear,2200.0,1000,10,15,7,24004,exact,0.14256854256854262,True,True,0,3,2588.0,17574.0,0.1639163916391639,True,4242.0,2588.0,1890220435.7142856,9.130043506622314
1.3,0.6000000000000001,linear,2500.0,1000,10,15,7,24004,exact,0.14256854256854262,True,True,0,3,4406.0,17574.0,0.1639163916391639,True,2424.000000000002,4406.0,1890220435.7142856,9.204089879989624
1.3,0.6000000000000001,logarithmic,1000.0,1000,10,15,7,24004,exact,0.14256854256854262,True,True,0,0,0.0,0.0,0.0,True,0.0,0.0,21.32579350028887,9.234748601913452
1.3,0.6000000000000001,logarithmic,1300.0,1000,10,15,7,24004,exact,0.14256854256854262,True,True,0,0,0.0,0.0,0.0,True,0.0,0.0,21.32579350028887,9.0753755569458
1.3,0.6000000000000001,logarithmic,1600.0,1000,10,15,7,24004,exact,0.14256854256854262,True,True,0,1,0.0,5022.0,0.0,True,558.0,0.0,21.32579350028887,9.226631879806519
1.3,0.6000000000000001,logarithmic,1900.0,1000,10,15,7,24004,exact,0.14256854256854262,True,True,0,2,967.0,8180.0,0.1821515892420538,True,409.0,967.0,21.32579350028887,9.171860218048096
1.3,0.6000000000000001,logarithmic,2200.0,1000,10,15,7,24004,exact,0.14256854256854262,True,True,0,3,2588.0,17574.0,0.1639163916391639,True,4242.0,2588.0,21.32579350028887,9.241255760192871
1.3,0.6000000000000001,logarithmic,2500.0,1000,10,15,7,24004,exact,0.14256854256854262,True,True,0,3,4406.0,17574.0,0.1639163916391639,True,2424.000000000002,4406.0,21.32579350028887,9.196774244308472
1.3,0.8,linear,1000.0,1000,10,15,7,24004,exact,0.14256854256854257,True,True,0,0,0.0,0.0,0.0,True,0.0,0.0,2520284721.428571,8.888748168945312
1.3,0.8,linear,1300.0,1000,10,15,7,24004,exact,0.14256854256854257,True,True,0,0,0.0,0.0,0.0,True,0.0,0.0,2520284721.428571,9.167322635650635
1.3,0.8,linear,1600.0,1000,10,15,7,24004,exact,0.14256854256854257,True,True,0,1,0.0,5022.0,0.0,True,558.0,0.0,2520284721.428571,9.146252870559692
1.3,0.8,linear,1900.0,1000,10,15,7,24004,exact,0.14256854256854257,True,True,0,2,967.0,8180.0,0.1821515892420538,True,409.0,967.0,2520284721.428571,9.084949970245361
1.3,0.8,linear,2200.0,1000,10,15,7,24004,exact,0.14256854256854257,True,True,0,3,2588.0,17574.0,0.1639163916391639,True,4242.0,2588.0,2520284721.428571,9.162740707397461
1.3,0.8,linear,2500.0,1000,10,15,7,24004,exact,0.14256854256854257,True,True,0,3,4406.0,17574.0,0.1639163916391639,True,2424.000000000002,4406.0,2520284721.428571,9.23935055732727
1.3,0.8,logarithmic,1000.0,1000,10,15,7,24004,exact,0.14256854256854257,True,True,0,0,0.0,0.0,0.0,True,0.0,0.0,21.613471925200237,9.172698497772217
1.3,0.8,logarithmic,1300.0,1000,10,15,7,24004,exact,0.14256854256854257,True,True,0,0,0.0,0.0,0.0,True,0.0,0.0,21.613471925200237,9.168388605117798
1.3,0.8,logarithmic,1600.0,1000,10,15,7,24004,exact,0.14256854256854257,True,True,0,1,0.0,5022.0,0.0,True,558.0,0.0,21.613471925200237,9.276576519012451
1.3,0.8,logarithmic,1900.0,1000,10,15,7,24004,exact,0.14256854256854257,True,True,0,2,967.0,8180.0,0.1821515892420538,True,409.0,967.0,21.613471925200237,9.069266080856323
1.3,0.8,logarithmic,2200.0,1000,10,15,7,24004,exact,0.14256854256854257,True,True,0,3,2588.0,17574.0,0.1639163916391639,True,4242.0,2588.0,21.613471925200237,9.205752849578857
1.3,0.8,logarithmic,2500.0,1000,10,15,7,24004,exact,0.14256854256854257,True,True,0,3,4406.0,17574.0,0.1639163916391639,True,2424.000000000002,4406.0,21.613471925200237,9.17827582359314
1.3,1.0,linear,1000.0,1000,10,15,7,24004,exact,0.14256854256854257,True,True,0,0,0.0,0.0,0.0,True,0.0,0.0,3150349007.142857,9.10781741142273
1.3,1.0,linear,1300.0,1000,10,15,7,24004,exact,0.14256854256854257,True,True,0,0,0.0,0.0,0.0,True,0.0,0.0,3150349007.142857,9.24404263496399
1.3,1.0,linear,1600.0,1000,10,15,7,24004,exact,0.14256854256854257,True,True,0,1,0.0,5022.0,0.0,True,558.0,0.0,3150349007.142857,9.066901683807373
1.3,1.0,linear,1900.0,1000,10,15,7,24004,exact,0.14256854256854257,True,True,0,2,967.0,8180.0,0.1821515892420538,True,409.0,967.0,3150349007.142857,9.128181219100952
1.3,1.0,linear,2200.0,1000,10,15,7,24004,exact,0.14256854256854257,True,True,0,3,2588.0,17574.0,0.1639163916391639,True,4242.0,2588.0,3150349007.142857,9.159384965896606
1.3,1.0,linear,2500.0,1000,10,15,7,24004,exact,0.14256854256854257,True,True,0,3,4406.0,17574.0,0.1639163916391639,True,2424.000000000002,4406.0,3150349007.142857,9.020094633102417
1.3,1.0,logarithmic,1000.0,1000,10,15,7,24004,exact,0.14256854256854257,True,True,0,0,0.0,0.0,0.0,True,0.0,0.0,21.836613287983813,9.301844358444214
1.3,1.0,logarithmic,1300.0,1000,10,15,7,24004,exact,0.14256854256854257,True,True,0,0,0.0,0.0,0.0,True,0.0,0.0,21.836613287983813,9.187192678451538
1.3,1.0,logarithmic,1600.0,1000,10,15,7,24004,exact,0.14256854256854257,True,True,0,1,0.0,5022.0,0.0,True,558.0,0.0,21.836613287983813,9.038747072219849
1.3,1.0,logarithmic,1900.0,1000,10,15,7,24004,exact,0.14256854256854257,True,True,0,2,967.0,8180.0,0.1821515892420538,True,409.0,967.0,21.836613287983813,9.187207221984863
1.3,1.0,logarithmic,2200.0,1000,10,15,7,24004,exact,0.14256854256854257,True,True,0,3,2588.0,17574.0,0.1639163916391639,True,4242.0,2588.0,21.836613287983813,9.289199113845825
1.3,1.0,logarithmic,2500.0,1000,10,15,7,24004,exact,0.14256854256854257,True,True,0,3,4406.0,17574.0,0.1639163916391639,True,2424.000000000002,4406.0,21.836613287983813,9.14577054977417
1.5,0.2,linear,1000.0,1000,10,15,7,24004,exact,0.14256854256854257,True,True,0,0,0.0,0.0,0.0,True,0.0,0.0,630096107.1428572,9.274711847305298
1.5,0.2,linear,1300.0,1000,10,15,7,24004,exact,0.14256854256854257,True,True,0,0,0.0,0.0,0.0,True,0.0,0.0,630096107.1428572,9.042235136032104
1.5,0.2,linear,1600.0,1000,10,15,7,24004,exact,0.14256854256854257,True,True,0,1,0.0,5022.0,0.0,True,558.0,0.0,630096107.1428572,9.143853425979614
1.5,0.2,linear,1900.0,1000,10,15,7,24004,exact,0.14256854256854257,True,True,0,2,967.0,8180.0,0.1821515892420538,True,409.0,967.0,630096107.1428572,9.150034427642822
1.5,0.2,linear,2200.0,1000,10,15,7,24004,exact,0.14256854256854257,True,True,0,3,2588.0,17574.0,0.1639163916391639,True,4242.0,2588.0,630096107.1428572,8.942084789276123
1.5,0.2,linear,2500.0,1000,10,15,7,24004,exact,0.14256854256854257,True,True,0,3,4406.0,17574.0,0.1639163916391639,True,2424.000000000002,4406.0,630096107.1428572,9.157774686813354
1.5,0.2,logarithmic,1000.0,1000,10,15,7,24004,exact,0.14256854256854257,True,True,0,0,0.0,0.0,0.0,True,0.0,0.0,20.227217125154446,9.108634948730469
1.5,0.2,logarithmic,1300.0,1000,10,15,7,24004,exact,0.14256854256854257,True,True,0,0,0.0,0.0,0.0,True,0.0,0.0,20.227217125154446,9.213199853897095
1.5,0.2,logarithmic,1600.0,1000,10,15,7,24004,exact,0.14256854256854257,True,True,0,1,0.0,5022.0,0.0,True,558.0,0.0,20.227217125154446,9.153979063034058
1.5,0.2,logarithmic,1900.0,1000,10,15,7,24004,exact,0.14256854256854257,True,True,0,2,967.0,8180.0,0.1821515892420538,True,409.0,967.0,20.227217125154446,9.129575729370117
1.5,0.2,logarithmic,2200.0,1000,10,15,7,24004,exact,0.14256854256854257,True,True,0,3,2588.0,17574.0,0.1639163916391639,True,4242.0,2588.0,20.227217125154446,9.152886629104614
1.5,0.2,logarithmic,2500.0,1000,10,15,7,24004,exact,0.14256854256854257,True,True,0,3,4406.0,17574.0,0.1639163916391639,True,2424.000000000002,4406.0,20.227217125154446,9.172910213470459
1.5,0.4,linear,1000.0,1000,10,15,7,24004,exact,0.14256854256854257,True,True,0,0,0.0,0.0,0.0,True,0.0,0.0,1260160392.857143,9.167295217514038
1.5,0.4,linear,1300.0,1000,10,15,7,24004,exact,0.14256854256854257,True,True,0,0,0.0,0.0,0.0,True,0.0,0.0,1260160392.857143,9.225477695465088
1.5,0.4,linear,1600.0,1000,10,15,7,24004,exact,0.14256854256854257,True,True,0,1,0.0,5022.0,0.0,True,558.0,0.0,1260160392.857143,9.183606624603271
1.5,0.4,linear,1900.0,1000,10,15,7,24004,exact,0.14256854256854257,True,True,0,2,967.0,8180.0,0.1821515892420538,True,409.0,967.0,1260160392.857143,9.103962898254395
1.5,0.4,linear,2200.0,1000,10,15,7,24004,exact,0.14256854256854257,True,True,0,3,2588.0,17574.0,0.1639163916391639,True,4242.0,2588.0,1260160392.857143,9.66823673248291
1.5,0.4,linear,2500.0,1000,10,15,7,24004,exact,0.14256854256854257,True,True,0,3,4406.0,17574.0,0.1639163916391639,True,2424.000000000002,4406.0,1260160392.857143,9.508366346359253
1.5,0.4,logarithmic,1000.0,1000,10,15,7,24004,exact,0.14256854256854257,True,True,0,0,0.0,0.0,0.0,True,0.0,0.0,20.920339054145636,9.04177737236023
1.5,0.4,logarithmic,1300.0,1000,10,15,7,24004,exact,0.14256854256854257,True,True,0,0,0.0,0.0,0.0,True,0.0,0.0,20.920339054145636,9.150753498077393
1.5,0.4,logarithmic,1600.0,1000,10,15,7,24004,exact,0.14256854256854257,True,True,0,1,0.0,5022.0,0.0,True,558.0,0.0,20.920339054145636,9.15871524810791
1.5,0.4,logarithmic,1900.0,1000,10,15,7,24004,exact,0.14256854256854257,True,True,0,2,967.0,8180.0,0.1821515892420538,True,409.0,967.0,20.920339054145636,9.083515405654907
1.5,0.4,logarithmic,2200.0,1000,10,15,7,24004,exact,0.14256854256854257,True,True,0,3,2588.0,17574.0,0.1639163916391639,True,4242.0,2588.0,20.920339054145636,9.12575626373291
1.5,0.4,logarithmic,2500.0,1000,10,15,7,24004,exact,0.14256854256854257,True,True,0,3,4406.0,17574.0,0.1639163916391639,True,2424.000000000002,4406.0,20.920339054145636,9.140133142471313
1.5,0.6000000000000001,linear,1000.0,1000,10,15,7,24004,exact,0.14256854256854262,True,True,0,0,0.0,0.0,0.0,True,0.0,0.0,1890224678.5714285,9.060452222824097
1.5,0.6000000000000001,linear,1300.0,1000,10,15,7,24004,exact,0.14256854256854262,True,True,0,0,0.0,0.0,0.0,True,0.0,0.0,1890224678.5714285,9.165741920471191
1.5,0.6000000000000001,linear,1600.0,1000,10,15,7,24004,exact,0.14256854256854262,True,True,0,1,0.0,5022.0,0.0,True,558.0,0.0,1890224678.5714285,9.209510564804077
1.5,0.6000000000000001,linear,1900.0,1000,10,15,7,24004,exact,0.14256854256854262,True,True,0,2,967.0,8180.0,0.1821515892420538,True,409.0,967.0,1890224678.5714285,9.09406328201294
1.5,0.6000000000000001,linear,2200.0,1000,10,15,7,24004,exact,0.14256854256854262,True,True,0,3,2588.0,17574.0,0.1639163916391639,True,4242.0,2588.0,1890224678.5714285,9.142853736877441
1.5,0.6000000000000001,linear,2500.0,1000,10,15,7,24004,exact,0.14256854256854262,True,True,0,3,4406.0,17574.0,0.1639163916391639,True,2424.000000000002,4406.0,1890224678.5714285,9.127588748931885
1.5,0.6000000000000001,logarithmic,1000.0,1000,10,15,7,24004,exact,0.14256854256854262,True,True,0,0,0.0,0.0,0.0,True,0.0,0.0,21.325795744922516,9.18830156326294
1.5,0.6000000000000001,logarithmic,1300.0,1000,10,15,7,24004,exact,0.14256854256854262,True,True,0,0,0.0,0.0,0.0,True,0.0,0.0,21.325795744922516,9.363250494003296
1.5,0.6000000000000001,logarithmic,1600.0,1000,10,15,7,24004,exact,0.14256854256854262,True,True,0,1,0.0,5022.0,0.0,True,558.0,0.0,21.325795744922516,9.114614009857178
1.5,0.6000000000000001,logarithmic,1900.0,1000,10,15,7,24004,exact,0.14256854256854262,True,True,0,2,967.0,8180.0,0.1821515892420538,True,409.0,967.0,21.325795744922516,9.155171155929565
1.5,0.6000000000000001,logarithmic,2200.0,1000,10,15,7,24004,exact,0.14256854256854262,True,True,0,3,2588.0,17574.0,0.1639163916391639,True,4242.0,2588.0,21.325795744922516,9.169090032577515
1.5,0.6000000000000001,logarithmic,2500.0,1000,10,15,7,24004,exact,0.14256854256854262,True,True,0,3,4406.0,17574.0,0.1639163916391639,True,2424.000000000002,4406.0,21.325795744922516,9.079344749450684
1.5,0.8,linear,1000.0,1000,10,15,7,24004,exact,0.14256854256854257,True,True,0,0,0.0,0.0,0.0,True,0.0,0.0,2520288964.285714,9.177325963973999
1.5,0.8,linear,1300.0,1000,10,15,7,24004,exact,0.14256854256854257,True,True,0,0,0.0,0.0,0.0,True,0.0,0.0,2520288964.285714,9.142849683761597
1.5,0.8,linear,1600.0,1000,10,15,7,24004,exact,0.14256854256854257,True,True,0,1,0.0,5022.0,0.0,True,558.0,0.0,2520288964.285714,9.054427862167358
1.5,0.8,linear,1900.0,1000,10,15,7,24004,exact,0.14256854256854257,True,True,0,2,967.0,8180.0,0.1821515892420538,True,409.0,967.0,2520288964.285714,9.150961637496948
1.5,0.8,linear,2200.0,1000,10,15,7,24004,exact,0.14256854256854257,True,True,0,3,2588.0,17574.0,0.1639163916391639,True,4242.0,2588.0,2520288964.285714,9.182116508483887
1.5,0.8,linear,2500.0,1000,10,15,7,24004,exact,0.14256854256854257,True,True,0,3,4406.0,17574.0,0.1639163916391639,True,2424.000000000002,4406.0,2520288964.285714,9.060553073883057
1.5,0.8,logarithmic,1000.0,1000,10,15,7,24004,exact,0.14256854256854257,True,True,0,0,0.0,0.0,0.0,True,0.0,0.0,21.61347360868208,9.153301239013672
1.5,0.8,logarithmic,1300.0,1000,10,15,7,24004,exact,0.14256854256854257,True,True,0,0,0.0,0.0,0.0,True,0.0,0.0,21.61347360868208,9.152900457382202
1.5,0.8,logarithmic,1600.0,1000,10,15,7,24004,exact,0.14256854256854257,True,True,0,1,0.0,5022.0,0.0,True,558.0,0.0,21.61347360868208,9.004151105880737
1.5,0.8,logarithmic,1900.0,1000,10,15,7,24004,exact,0.14256854256854257,True,True,0,2,967.0,8180.0,0.1821515892420538,True,409.0,967.0,21.61347360868208,9.245472192764282
1.5,0.8,logarithmic,2200.0,1000,10,15,7,24004,exact,0.14256854256854257,True,True,0,3,2588.0,17574.0,0.1639163916391639,True,4242.0,2588.0,21.61347360868208,9.101541519165039
1.5,0.8,logarithmic,2500.0,1000,10,15,7,24004,exact,0.14256854256854257,True,True,0,3,4406.0,17574.0,0.1639163916391639,True,2424.000000000002,4406.0,21.61347360868208,9.098676204681396
1.5,1.0,linear,1000.0,1000,10,15,7,24004,exact,0.14256854256854257,True,True,0,0,0.0,0.0,0.0,True,0.0,0.0,3150353250.0,9.241060495376587
1.5,1.0,linear,1300.0,1000,10,15,7,24004,exact,0.14256854256854257,True,True,0,0,0.0,0.0,0.0,True,0.0,0.0,3150353250.0,9.109070301055908
1.5,1.0,linear,1600.0,1000,10,15,7,24004,exact,0.14256854256854257,True,True,0,1,0.0,5022.0,0.0,True,558.0,0.0,3150353250.0,9.041732549667358
1.5,1.0,linear,1900.0,1000,10,15,7,24004,exact,0.14256854256854257,True,True,0,2,967.0,8180.0,0.1821515892420538,True,409.0,967.0,3150353250.0,9.143213987350464
1.5,1.0,linear,2200.0,1000,10,15,7,24004,exact,0.14256854256854257,True,True,0,3,2588.0,17574.0,0.1639163916391639,True,4242.0,2588.0,3150353250.0,9.158689737319946
1.5,1.0,linear,2500.0,1000,10,15,7,24004,exact,0.14256854256854257,True,True,0,3,4406.0,17574.0,0.1639163916391639,True,2424.000000000002,4406.0,3150353250.0,9.12144684791565
1.5,1.0,logarithmic,1000.0,1000,10,15,7,24004,exact,0.14256854256854257,True,True,0,0,0.0,0.0,0.0,True,0.0,0.0,21.836614634772463,9.197186470031738
1.5,1.0,logarithmic,1300.0,1000,10,15,7,24004,exact,0.14256854256854257,True,True,0,0,0.0,0.0,0.0,True,0.0,0.0,21.836614634772463,9.04771614074707
1.5,1.0,logarithmic,1600.0,1000,10,15,7,24004,exact,0.14256854256854257,True,True,0,1,0.0,5022.0,0.0,True,558.0,0.0,21.836614634772463,9.119251728057861
1.5,1.0,logarithmic,1900.0,1000,10,15,7,24004,exact,0.14256854256854257,True,True,0,2,967.0,8180.0,0.1821515892420538,True,409.0,967.0,21.836614634772463,9.207894563674927
1.5,1.0,logarithmic,2200.0,1000,10,15,7,24004,exact,0.14256854256854257,True,True,0,3,2588.0,17574.0,0.1639163916391639,True,4242.0,2588.0,21.836614634772463,9.144949913024902
1.5,1.0,logarithmic,2500.0,1000,10,15,7,24004,exact,0.14256854256854257,True,True,0,3,4406.0,17574.0,0.1639163916391639,True,2424.000000000002,4406.0,21.836614634772463,9.06021523475647
